0.00710435541850529,0.880900674738476,0.0193185543050775,0.0798595938493442,0.000629378647425469,0.00348262625746877,0.00737294902880911,0.000855668185321433,4.4476956067388e-05,0.000263686578623663,4.30458248756785e-05,4.32462004825499e-05,5.78163687522599e-05,1.13641152331961e-05,8.12103634940514e-06,7.21792761916021e-08,2.03882654059565e-07,5.09114186034855e-07,1.09911402247898e-06,1.66622050887566e-06,6.79537154669847e-07,1.26175794911878e-07,3.35703461951422e-08,9.74298732758871e-09,2.33852800494241e-08,8.82703848641134e-10,1.56837938684626e-10,2.78692362909129e-09,1.58886384807158e-09,1.95488418406622e-09,7.77089583785753e-09,6.18012960350997e-10,3.03417892800837e-10,1.38162214007145e-09,8.50787470204432e-11,1.31832866765471e-10,1.91380402531432e-10,8.79843749489253e-11,5.66751493842045e-10,5.73441975867991e-10,1.7218090240785e-10,3.08039179463298e-11,3.37985031455063e-12,8.69727712726204e-11,6.74247666238976e-11,4.43281617936179e-11,4.54526469288544e-12,2.41918957595082e-12,2.76213818130918e-11,2.83625710806158e-11,5.48073317571958e-12,9.26210818753471e-13,1.78762715124741e-12,5.31374765603188e-13,1.40301403335125e-12,6.78275876948742e-13,1.06241094635104e-13,8.35387601042348e-13,3.9974050242232e-12,7.72759234061639e-13,1.95609597374366e-13,9.3895727773677e-13,9.40466336382538e-14,2.43064626419482e-14,9.81643258399776e-14,8.12488107324171e-14,9.80074735683426e-15,6.34606435320737e-14,1.85979838231191e-15,1.61202332082157e-13,3.72187583902482e-14,4.97871838626219e-14,1.13765496083376e-14,2.24935197264787e-15,3.4109708871837e-15,3.00193938834832e-15,8.15019812808006e-15,1.66515002683735e-15,7.71896024448636e-16,2.93550848772915e-16,1.31615719610946e-16,1.10944789722337e-16,9.36884558204152e-18,8.93148204488119e-18,6.92057778893025e-17,5.54895881264396e-17,1.21081133773045e-17,6.91018724055767e-17,2.37784080422765e-17,8.17061830714102e-18,3.81506508207143e-18,1.07662740900976e-17,2.2565932183794e-18,2.66156651191889e-19,3.79828296400536e-18,5.67431054653375e-18,2.17512065581164e-19,6.52640341787782e-18,1.84548447550744e-20,2.062670085935e-18,4.41650362292224e-19
0.173099137076306,0.523400773835896,0.048902235666752,0.191639150377041,0.00120303575581089,0.0194168864402584,0.0390320589065607,0.00201178832453419,0.000199100745247377,0.000318068510815296,0.000118618155686958,0.000244988091928932,4.01735425589625e-05,6.40400745026371e-05,5.95635983655219e-05,4.71033440474219e-06,7.67376910013166e-06,1.9588500103588e-05,5.98735580853325e-05,6.22104888245191e-05,5.35564827513321e-05,2.52031883961924e-05,4.89819102395932e-07,1.55291270657908e-07,4.19242679860572e-06,5.90981016681166e-07,1.35002897837398e-07,8.620861785651e-07,4.76243815820112e-07,1.15698702307383e-06,2.00813638852325e-06,7.69736146236061e-07,3.98288846711391e-07,2.97825623272007e-07,8.1237886720464e-08,4.05716132967926e-07,5.0542834872643e-07,1.60098042326904e-07,6.1509619648499e-08,3.10441038048335e-07,1.52953917384764e-07,3.07376349240668e-07,1.31573421108447e-07,1.16843716173974e-06,4.41291899456317e-07,3.49697044599796e-07,8.9781045450997e-08,4.42344962928315e-08,5.43139624262567e-07,6.96726913555096e-07,3.25676958871133e-08,2.91240438025157e-08,4.13868732475483e-08,1.39575886884022e-08,1.88832479375066e-08,1.05584428136412e-08,1.99819964920946e-09,9.35665433104488e-09,2.12584122730825e-07,1.89071413416934e-08,2.96300434522398e-08,3.64270066686664e-09,2.79762032861976e-08,6.34703041198623e-09,7.89848920296809e-10,1.64540898140122e-08,5.16620636298916e-09,5.74200749680374e-09,1.60242192000591e-09,7.1590959729715e-09,2.09136538989889e-08,3.43376296867206e-08,1.08210271634029e-08,1.77561841954207e-09,3.72944642676138e-09,1.94937002922476e-09,5.50961109707625e-09,1.91563631083024e-09,2.04479436088752e-09,1.60752670763041e-09,5.20902593192376e-10,1.31695658549535e-10,3.57936373608146e-10,8.38189744938373e-11,8.06128059984571e-11,6.46146681185579e-10,9.95504658596265e-11,2.3673570017513e-10,4.89876580708299e-10,1.30676639070805e-10,1.83135050648785e-10,2.49407195763531e-10,7.88113321385877e-11,1.26429954327403e-10,6.17078449520398e-11,2.93229874637817e-11,9.5270482061313e-12,1.01981695006635e-10,2.35992141759815e-11,2.2910339157364e-11,5.26042983401695e-12
0.415032987955678,0.317710001224718,0.0364312055355938,0.181874808780387,0.00620422820159586,0.0330697653749464,0.00918173449440305,8.67901637445802e-05,2.25982484243258e-05,0.000138348598916662,1.56027547577182e-05,2.81500834453419e-05,8.40333924699358e-07,2.68245293243737e-05,3.86119222345672e-05,1.08108815476494e-06,1.91388939780765e-06,8.68662305637613e-06,3.17727879498279e-05,1.2094198350137e-05,2.59434019751783e-05,5.4104201823466e-06,2.37731578241558e-07,7.0559733105675e-07,9.66089432982424e-06,1.62101397113413e-06,3.50063702584225e-07,4.26536566280908e-07,1.57280241313477e-06,1.98748485458364e-06,6.00334206682017e-07,2.22733929384892e-06,2.52470392162324e-07,2.89261117883701e-07,1.11872802750768e-07,7.3047206905296e-07,2.58066794929549e-06,4.14827925840927e-07,1.91437322875983e-07,8.6856764520812e-07,3.70322039193461e-07,6.01411111744989e-07,1.20896608147729e-06,6.45373252398093e-06,9.48187844191725e-07,7.87119316010942e-07,4.47550740358681e-07,2.59971455357323e-08,1.7679215249399e-08,2.2644578016162e-06,7.98764045261796e-07,7.59587895721749e-07,6.83767219312296e-07,2.66092345052981e-07,1.90726867754822e-07,2.6322548404179e-07,1.85768411173029e-07,9.39512459596375e-08,5.37174418041554e-07,7.87920750004647e-07,1.15420566320495e-06,8.15594734450485e-09,1.8845897068838e-07,5.5641783292697e-07,9.25755661015277e-08,1.19453483776866e-07,2.02609736890635e-07,2.16184333862523e-07,8.56913807505698e-08,7.2500913417383e-07,1.04346520952625e-06,3.58490991740893e-07,6.16524107834802e-08,2.95537642179309e-07,5.28465926333936e-07,2.19795855454849e-07,1.23445207597788e-08,2.17949528808429e-07,2.08992500571945e-07,9.55632899490734e-08,2.46970741228223e-07,3.70072942159771e-08,1.12622563318824e-07,5.10115455917196e-08,7.27189257940226e-08,2.88872603471066e-08,6.25247121800083e-08,1.90238712630783e-07,6.79800116893725e-08,1.98441783022711e-07,8.90622997653839e-08,1.08030397488925e-07,1.0738804073945e-08,9.17562652823275e-08,1.88044591245382e-08,1.26871672673834e-08,1.25354757908454e-08,1.55424016035979e-07,4.60039548732432e-08,4.29652867959852e-08,3.01792628179818e-08
0.392693102335647,0.288396314842494,0.114424705880943,0.166478595868414,0.000730581978711144,0.0273446737788016,0.00851476944078162,0.000209728944876375,0.00051928273582841,0.00021921951118506,7.34145680968022e-05,0.00014310639051912,3.33467401876041e-05,8.78581191092512e-06,4.49478836983284e-05,2.95185335477179e-06,2.89111909836752e-06,6.47504740474991e-06,1.85016685083038e-05,6.75758247186336e-07,3.28488616435882e-05,8.00525509368857e-06,6.48554234998111e-07,1.89562275062214e-06,1.69362620510586e-05,1.58568264796544e-06,4.04302368656958e-07,1.27743443205242e-06,3.04686391748155e-07,4.79481765315435e-06,1.25687575048254e-06,5.09306344198107e-06,3.86595064137375e-07,1.19048906650511e-06,6.10761438844591e-07,1.92432603277832e-07,1.45085060481716e-06,7.37590849140743e-07,6.51839055915245e-07,1.56073045158097e-07,3.91804368604507e-07,1.09258909666874e-06,1.74925426587741e-07,1.32133176513492e-05,6.52308383260144e-07,4.68445927413732e-07,1.67970402567367e-07,6.47772494599227e-08,7.60553364225071e-08,2.6017229345484e-06,1.88492353665129e-06,8.25279210422319e-07,1.85595847136906e-06,1.29860092873732e-06,1.73453511548401e-06,4.54211044737812e-07,2.69358420443611e-08,1.20353155930759e-07,2.13156789047104e-06,6.37249481329794e-07,1.56022045182493e-06,1.02375359255561e-08,1.52136297719352e-07,6.62457699874723e-07,4.26800159051936e-07,5.71142120442458e-07,5.85151384212396e-07,7.89553177724941e-07,1.12171575111085e-06,2.571942272694e-06,3.62089251047214e-06,3.93125229941606e-07,5.81628212514255e-07,5.60076539358712e-07,1.48374914617366e-06,6.78464828832977e-07,2.15807678085522e-07,7.93055077518732e-07,1.38615278260887e-06,1.97353862126415e-09,1.53237858700671e-07,2.28775597110529e-07,1.33748119361854e-07,3.69085609248273e-07,3.28571107497948e-07,1.13352871101848e-07,1.18593156509288e-07,5.87751692843383e-07,7.90632866051766e-08,1.10766760906097e-06,4.6321661931238e-07,1.90324173170669e-07,7.12002592029335e-08,2.67052619430035e-07,1.53943598677038e-07,3.44891891336352e-09,4.82512146048842e-07,3.30896487591281e-07,1.20896970826772e-07,1.95614818412332e-08,1.37077072066519e-07
0.380527732843702,0.310883374695831,0.114402668492966,0.145607936352129,0.000755543118908334,0.0376071337780117,0.00885527874336022,7.10363779729315e-05,0.000743311724984067,0.000280843440418316,3.91485324702808e-05,3.72368089358222e-05,1.52197803948734e-05,4.92085588079445e-06,1.41713052424772e-05,3.11056688473941e-06,3.21476643806138e-06,5.35941836958273e-06,5.94444846238162e-07,4.06785219824779e-07,2.41835731280084e-05,1.16098530290786e-06,2.53753543844336e-07,1.03911751678791e-06,6.05978865130514e-06,3.69226232013633e-06,7.24330051845462e-07,2.08491010436954e-06,2.48401951818103e-07,4.18744828000366e-06,2.18413272952411e-06,8.10440893177852e-06,6.32181691159111e-07,2.87839130999154e-06,1.41166203922393e-06,1.3571680120811e-06,1.40285560535942e-06,2.01183962462004e-06,9.72732722174974e-07,1.22618554483962e-06,3.08727184784929e-06,3.52309666485376e-06,4.26703336935238e-07,1.8236826520466e-05,2.0716959777439e-06,2.91834722310427e-07,1.28439203707075e-06,5.41962695610609e-07,6.52840181915388e-08,1.84246611513682e-06,1.55098656533119e-06,2.36602240547151e-07,1.17611156493573e-06,8.22283758782276e-07,1.31073712795033e-06,8.68454026570508e-07,1.60657669698965e-07,2.86426969494445e-07,2.39061576492996e-06,2.83440156155254e-07,2.30227762831875e-06,9.2070098955741e-08,3.39135672227708e-07,4.13152125709151e-07,1.05304298793699e-06,8.90202151417481e-07,1.93516555675275e-06,4.46838978465911e-07,1.45978074586391e-06,7.52939177025038e-06,8.12559002062089e-07,1.20909410650534e-06,4.56705267816579e-07,3.46558294723972e-08,1.62880662716661e-06,9.51542448697395e-07,1.06754803499249e-06,1.25530483805139e-06,1.81052843102522e-06,6.12763664441232e-07,5.75852899343672e-07,4.60043776573688e-07,2.43468579474046e-07,1.68548663323343e-06,4.75334305765108e-07,1.78698161715711e-07,3.26433482766693e-07,5.99333012024239e-07,2.93731440670213e-08,1.90314916272012e-06,2.8144657229854e-07,2.09085933052893e-07,1.57548596428563e-08,1.567646957108e-07,3.40566209025162e-07,6.85642733532209e-08,1.36530814589709e-07,7.19169505300028e-07,1.87666021597506e-07,3.60282717023648e-07,2.2961746689466e-07
0.361737556323464,0.313615304355428,0.129449208098999,0.144093709413007,0.00881265491015895,0.0309452563663064,0.00953086228092378,7.07677096177622e-05,0.000895315289885941,0.000465159270346134,2.43320022909019e-05,6.65331540001678e-05,1.58749331025609e-05,2.08022699474616e-05,1.88356246300197e-05,3.64321422205071e-06,3.55121686536405e-06,7.85166402689364e-06,4.8616924788668e-07,7.26621965212348e-06,1.84540575329727e-05,1.90446160476719e-06,1.18346207713096e-07,3.97273502869885e-06,5.64751957240277e-07,5.76678314971994e-06,1.46111658184147e-07,2.63526600537036e-07,1.71628256604028e-06,5.70066216282951e-06,1.17787879671393e-06,3.65918523481737e-07,1.28448124880994e-06,9.42452754142983e-07,6.50521697199383e-06,1.25105305980015e-06,4.40154175663575e-06,1.87040012835395e-06,3.29320263045517e-06,3.24949271301517e-06,2.40817430909154e-06,5.10510175468459e-06,6.15333991833378e-07,2.91682193533495e-05,2.64652565203846e-06,2.07524264693062e-08,1.27330731059782e-06,4.81889389212988e-06,1.33270427100674e-07,2.09379951239776e-06,3.28130419785877e-07,2.3203696297112e-08,2.83696528143148e-06,2.74237514684726e-06,1.82114042706121e-06,7.48618358824746e-07,4.8286728528744e-07,1.66824270916863e-07,4.34203463301804e-06,8.95904008875626e-07,5.78529796263261e-06,1.90289043181355e-06,2.79698270568771e-06,1.48023354173731e-06,5.4586303273851e-07,3.30129330563446e-06,9.80116745342568e-06,1.12260742449476e-08,6.05535842685877e-06,8.59401822036859e-06,5.92539334028453e-08,2.79388001472051e-06,5.38834051482283e-07,1.95023377531874e-07,4.68403841022661e-06,3.38353783897701e-07,2.72278589977947e-06,8.29342940948511e-07,4.04706843297929e-06,7.10907772757564e-07,2.18803553204087e-06,1.38768662758005e-06,1.79292483746395e-06,3.71850063847893e-06,1.12492982284504e-06,6.91972811013493e-07,1.34995078528605e-06,1.89667892829843e-06,1.5191425885524e-06,2.05190799820079e-06,9.52656211155277e-08,2.07100080591902e-06,2.06581126795281e-07,5.9637552367163e-07,5.6123828081872e-06,1.26340343153454e-06,5.1988839212779e-07,6.97769878515053e-08,3.76158023354648e-07,1.81400107909334e-07,3.50093149677926e-06
0.365492708014722,0.317552601876923,0.131644357059601,0.135832107549012,0.00847338852400124,0.029289108965233,0.00952815491891551,0.000441308373136501,0.000864760005661703,0.0005340432211013,1.33254074049906e-05,5.72545885588068e-05,1.76806604687743e-05,6.50418087187561e-06,7.37261214430932e-06,5.63249385065975e-06,6.14972933968125e-06,5.86909128359809e-06,4.18161691576085e-06,5.78921085585289e-06,1.55224766216477e-05,1.54692770998712e-06,1.51257996640808e-06,6.84815652192097e-06,1.7293626070313e-06,2.90559478956659e-06,9.49640185888537e-08,4.73515543340733e-07,3.29117711590585e-06,3.33714009956294e-06,1.53535673737842e-06,7.77446771543621e-07,1.21620834493226e-06,2.28723967678892e-06,9.54268915108684e-06,4.31452054333183e-08,3.0881509488445e-06,9.23453398922238e-07,4.54785950646416e-06,2.10945198328154e-06,8.74324755595908e-07,6.99630037082269e-06,2.38523366828548e-07,2.21216786627644e-05,4.37691303662486e-07,6.99026668213749e-08,6.2254275515287e-06,5.91206062879423e-06,1.98215396431924e-07,9.88497756006446e-07,7.88199097246599e-07,1.94144009236676e-07,2.5441703392501e-06,6.79030385599126e-06,1.66960210277731e-06,1.26797019097751e-06,1.55362573296348e-06,1.08033285247125e-07,5.87458700477475e-07,1.48916261802392e-06,7.15022376713876e-06,2.51456315618851e-06,5.26166883069011e-06,1.65895929748587e-06,5.66432919060674e-07,2.79381392341662e-06,5.06985096914996e-06,6.72870611936028e-06,5.53424425151576e-06,3.05470716488071e-06,2.00857074799246e-07,1.4450495881839e-06,7.92473427895874e-07,5.06750130776443e-07,4.40133600222592e-06,2.26111957042766e-07,6.25071441728294e-06,1.01055377471552e-07,1.42933544714844e-07,3.77955349814021e-07,2.01289575306877e-06,1.25167918499856e-06,1.32236890144305e-06,5.74837090143194e-06,2.17218647682423e-06,7.73585444768831e-07,3.04829042684017e-06,7.71933521516808e-09,1.90594538532266e-06,1.39956669064642e-06,2.16269206592037e-07,2.55470095430062e-06,6.47495091965149e-07,7.02228480804424e-07,4.46726313779837e-06,3.21980752752003e-06,9.24965973653626e-07,1.36596423537336e-06,1.27423253183215e-06,3.02554101831701e-07,3.21721387743625e-06
0.363511068066618,0.317214767068502,0.141437776233035,0.12853913888505,0.00967213126289461,0.0310881356351843,0.00650288921849344,0.00100976520618756,0.000486829732670704,0.000334374090765012,6.99212790629117e-06,1.61039014200889e-05,8.91622072439469e-07,5.20354980370144e-06,3.72587871138023e-06,4.75339448397386e-06,4.07079691880612e-06,8.96285688601682e-07,1.32781093670327e-06,2.97395707186185e-06,1.01432152621887e-05,1.7958296537854e-07,1.19115835128719e-06,1.10158769780154e-06,9.37138150525732e-07,8.51347441560439e-07,1.42157778069546e-06,1.75585444291836e-06,6.71319508601941e-07,2.64160675447605e-06,2.67053205096485e-06,9.66243632412237e-08,5.32577167398238e-07,1.78226591850116e-06,7.53384507580469e-06,1.39086092192433e-06,1.08091758641587e-06,1.07840972598633e-06,1.36684589443103e-06,2.22501097244154e-06,6.86199403117839e-07,3.73708377281341e-06,7.82415132283249e-08,8.74380488647401e-06,7.20564295161686e-07,2.19664460838764e-06,1.21855180701525e-06,1.60870009047456e-06,1.19051495160843e-06,1.00195734723879e-06,2.08433033662224e-06,5.30899441611588e-08,1.59923957403415e-06,5.91721538360379e-06,2.03388730191902e-06,3.76999368859912e-07,1.7277981774825e-06,2.18063408559876e-06,4.74447458141261e-07,1.78087738214924e-07,2.12569989958778e-06,1.22825782471924e-06,2.87642355516823e-06,1.9433919185559e-06,1.21438480062621e-07,5.03801019495843e-07,4.8059867573818e-06,2.01790848776237e-06,6.98853340826204e-06,9.9960899741059e-07,3.85524864298135e-07,2.70513485352518e-06,1.63206086384258e-06,5.01114533297731e-07,2.04213030328465e-06,1.03815401358455e-06,6.44853226989236e-06,3.31126665694166e-07,7.94980957986404e-09,3.17444493247194e-07,7.99810308891589e-07,2.91695312633566e-06,2.80519755157785e-06,1.98016935256176e-06,3.03858946176987e-06,3.05506005910388e-06,3.85964387989814e-06,5.30985714796353e-08,2.04929556757291e-06,7.02149407798875e-07,7.18156561969861e-07,6.8111155450464e-07,6.83885043216783e-07,1.52528854968009e-06,8.16151680083322e-07,3.23795139567723e-07,5.54470790926086e-06,5.60006883977943e-07,5.25926112965483e-06,2.64594093577327e-07,1.06785665789108e-06
0.365808656804798,0.314288747133836,0.137261031940532,0.1292286567358,0.0139884552157881,0.0285154008936279,0.00865849170348816,0.00112428943440382,0.000351778198554216,0.000496337626947341,3.94969326761279e-05,3.034109155538e-05,9.83691263096682e-06,8.3928098820325e-06,3.60344586339605e-06,9.58533870031007e-06,1.14942086014825e-05,3.44195172116586e-07,6.67140898399636e-07,2.89806800062825e-06,1.04340685808641e-05,1.48334744245553e-06,9.79666922826479e-07,1.22095672506968e-06,1.96491494165371e-07,2.14747403411783e-06,7.29437815206616e-07,1.47637000984302e-06,1.04535398677013e-06,2.02675858862113e-06,2.73408763462678e-06,6.21566519776108e-09,8.70391945094684e-07,1.69129465844931e-06,3.5793914877744e-06,2.11385491122928e-06,1.85474912719277e-06,1.00734929385464e-06,4.61474467034577e-06,1.3659776415744e-07,1.0153277430358e-06,1.11516113240514e-06,2.94395274566819e-06,9.92203009229431e-06,6.5975982968293e-08,4.54744381112355e-06,1.7057996824935e-06,1.17635508874632e-06,5.1563423450558e-08,9.14113389030167e-08,2.53742441499685e-06,6.25736829712314e-07,1.27672182813069e-06,6.79216640917797e-06,1.20276106779093e-06,5.73733116263944e-07,1.35176321304703e-06,2.53883211791933e-06,1.39049254089593e-06,8.92308681857311e-07,3.00042236255016e-06,1.30947483516034e-06,6.08245530339496e-07,6.41159248181814e-06,1.52194398279908e-06,1.54404127939655e-06,5.66896944822585e-06,1.16133583624747e-06,6.45474881313468e-06,2.89757732472343e-08,2.52343389410984e-06,8.83294610662653e-07,4.26963486677535e-08,8.87699352635871e-07,5.33690458595426e-07,1.56348238527821e-06,5.36739143065129e-06,1.13038582915526e-06,1.42846576295396e-06,5.63765502029913e-07,8.81782095030954e-07,3.16798337841946e-06,2.68504227642675e-06,3.06512161965502e-06,2.07275093309441e-06,9.00288017421424e-07,6.19296383656742e-07,3.84596148537978e-07,3.05102874982439e-06,8.98723853815114e-07,4.11447838002156e-07,3.00163939111857e-06,1.45666959321538e-08,2.48135135869639e-06,4.64706218321264e-07,1.03474162991693e-06,4.53795287040816e-07,7.35095444126064e-07,1.06017246920942e-06,7.12325954091987e-06,2.18715897717843e-06
0.365730890994428,0.313177465303598,0.144424603764128,0.122058588477604,0.0144576111934757,0.0291961453391871,0.00833332711095399,0.00109412386367461,0.000528649008716616,0.000709026160356236,2.4627580918401e-05,5.90952594465796e-06,9.05090767134835e-06,4.06681435969374e-06,4.63107678444776e-06,2.71874418326036e-05,5.52029227532918e-06,4.12770102864946e-06,2.4777957943841e-06,2.28720597413345e-06,3.64539366976903e-06,3.75688490100077e-06,6.57767270683783e-06,9.5382249903611e-07,2.52519549085566e-06,1.02181865916086e-05,1.76792410940815e-06,2.59606293532535e-06,2.09545547849093e-06,1.32237588745863e-06,3.0490568367343e-06,2.54976028172914e-06,2.97959791763937e-07,1.31640867436578e-06,2.89021422951097e-06,4.04863384729383e-07,3.85155386263388e-06,9.88426837667797e-07,6.73118002443476e-06,6.77772737768797e-08,1.5669051665874e-06,2.82505146669171e-06,7.79589969149344e-07,8.39424277533697e-07,2.58529936648352e-06,5.50509945937435e-06,3.04009905689211e-06,3.1832381168258e-06,2.07748507908689e-07,9.01142476576447e-08,2.82050590067721e-06,1.34267026363465e-06,1.44030352846488e-06,2.52463207949819e-06,5.74567921175629e-07,4.18924993449297e-07,2.37272327046466e-07,9.4477674888064e-07,4.04300842387784e-06,8.57386550688369e-07,8.30588746700392e-07,6.83299912514383e-07,8.16164724526861e-06,3.20523658660151e-06,8.30889333523516e-07,1.82566315966665e-07,6.01631094934626e-06,2.42310842765098e-07,6.94737174446506e-06,2.20196627030613e-06,1.65604564294901e-05,1.24113424458472e-06,4.09692903457066e-07,6.41162030141393e-07,6.98033876598458e-07,2.67683752267236e-07,2.10261265754679e-06,3.54319914421663e-06,1.92809224809045e-06,9.63362125423401e-08,4.63843337465602e-07,4.20280773134939e-06,1.73828803831647e-06,1.69111496649031e-06,3.55476191554777e-06,1.75321910304785e-06,7.94088805442002e-06,6.32063116723401e-07,4.20031644803189e-06,8.83860752824809e-07,2.94962450370081e-07,5.21624401839913e-06,6.40174803859563e-07,2.87234003891271e-06,1.88765577797007e-06,4.55088965686809e-07,3.0176360631596e-06,3.06579303711271e-07,3.1716923325767e-06,2.12045321977227e-07,4.32347346785675e-06
0.364545807315079,0.312962042527792,0.146711000755487,0.120412624500478,0.0148339554506847,0.0300309755479928,0.00791650776571537,0.00127328152954609,0.000487995608927559,0.000578157702884152,1.00715843834793e-05,7.20135658081497e-07,1.36470004324796e-05,1.43079856240747e-05,3.97611684465077e-06,8.87402926557914e-06,9.57982614494459e-07,3.93251355366199e-06,4.84360491217899e-06,4.52424402978486e-06,1.16849367136287e-06,3.34261197848057e-06,9.86932396754146e-07,1.91387903016057e-07,6.56737085499613e-07,3.93823444154284e-06,4.04775586990356e-06,4.00099529796095e-06,1.69738808265168e-06,1.15214216088063e-06,1.95572945215827e-07,7.03253483941317e-07,1.12418642246846e-06,2.18780597444874e-06,3.78825130513097e-06,9.41043772967892e-07,2.66571130022047e-06,8.27000135688396e-07,4.40852356846638e-06,1.81727915118739e-07,2.00770939892547e-06,1.72500358975649e-06,1.5580630361885e-06,1.51821784484295e-06,5.66145669446449e-07,8.97510933359982e-06,8.40099186690966e-06,4.19270096100189e-06,4.61792034381724e-07,3.82829312837725e-07,1.04835633470762e-06,4.9148274583823e-06,5.34054285089308e-06,2.47837389012772e-06,1.22098014235753e-08,6.86163902894969e-07,4.17814068972228e-06,3.64250786596521e-06,1.74570523178058e-06,7.99941789623958e-07,7.94663697445016e-07,8.96586735089308e-06,9.4031812116772e-09,6.24074507052286e-06,1.97201424455777e-06,1.37443593034631e-07,1.12190177338309e-05,6.30298162413238e-06,4.47530498230327e-06,7.30288699157279e-07,1.31207370265809e-06,2.18781339427415e-06,1.5200099141923e-07,2.18703222319218e-07,2.90447818914081e-07,1.49958162904073e-06,8.49486261780043e-07,6.58857171737148e-06,1.3118830925194e-07,9.58039672928744e-07,1.07117749019469e-06,1.92236070532712e-06,8.04616339604886e-07,1.62436612068108e-06,1.1569230689074e-06,1.16977664492721e-06,4.27034332651709e-06,9.58175426129764e-07,2.54030520090413e-06,1.50671555692279e-07,3.86449141934844e-07,4.64101767019378e-06,6.88982949445677e-07,1.95318933701624e-06,9.32580616158038e-07,1.61655001580368e-06,2.81837684022186e-06,7.89338310518381e-07,2.40188599848938e-07,3.63800978996962e-06,5.45973473028602e-07
0.34255815489293,0.376178517528531,0.14533027431301,0.0856026170703122,0.0134372393018582,0.0331373709858544,5.91284389438172e-05,0.00239785753245691,0.0010924606461029,2.69604557782842e-05,3.11426848824657e-05,3.69825041617538e-05,4.12904326540409e-05,1.4864186289846e-05,5.69538237536558e-06,2.63432629517881e-05,4.09812392669301e-06,1.02333256851487e-06,1.19448935765617e-05,1.62012427987193e-06,2.05605962353336e-06,8.64216535365706e-07,7.59511159978867e-08,2.61894669947862e-07,8.1471065335744e-07,2.05210344562607e-08,1.75232670486253e-07,6.09740170669002e-08,1.12141079711804e-09,6.36466165486802e-08,4.88020539271821e-09,9.8551216371368e-10,2.87795261044261e-10,9.4303900245588e-10,1.89934100269758e-10,7.07740496330375e-09,1.29773530787e-09,4.39812275055205e-10,5.3397106393431e-10,2.82278048515065e-09,1.65275183532707e-11,2.96068795039307e-11,2.75515670040402e-11,3.16118023796754e-11,1.51594688031289e-12,1.01964757102484e-11,7.29136363568763e-13,2.5899460419505e-14,2.05878830451153e-13,1.34415801878999e-12,2.96647338174923e-13,1.19212686387686e-13,1.34670186884542e-13,2.7925836937062e-15,8.85804935804076e-14,4.09157199817723e-15,1.03379204410511e-15,5.47214456822897e-15,1.07846723079238e-14,2.24395604693813e-15,9.51193998283333e-15,7.07452695574753e-16,1.12790664068934e-14,6.15497643754019e-15,3.16477370941062e-16,5.52564830854688e-16,2.26555156265244e-15,2.94736901982568e-15,1.65921517681905e-15,6.23849471011378e-16,1.12110098498977e-17,1.50547151202179e-16,5.93933866412647e-17,5.99330773646186e-17,2.95664848574962e-17,1.04405011620483e-16,5.56965261942787e-18,2.92482390724153e-17,8.71398266305523e-18,1.9289226888052e-17,3.17456159528333e-18,2.26260703306957e-18,2.98715573679272e-18,3.2642650729704e-19,1.9063040818945e-18,1.22746830188828e-18,1.58415764226139e-18,1.53691827465002e-19,3.6598649017791e-18,1.43841294381803e-19,2.05594066401944e-19,7.38918801865139e-20,1.89453512917566e-19,3.03388747139166e-20,9.82608150476649e-20,1.46477960544262e-20,3.0325462240592e-20,1.23080367940674e-19,8.71649833812753e-20,1.71421440459775e-20,1.73445097375431e-20
0.37487087559444,0.291647383125787,0.169277356484477,0.102788686382079,0.0203348298821182,0.0367426591369327,0.000167718744339207,0.00293686299900553,0.000833245308422284,8.94581566888258e-05,3.50361892928274e-06,3.85969977697481e-05,5.22630579603636e-05,3.22278021558127e-05,3.42152259972312e-06,2.87584094899671e-05,2.77038650200874e-05,6.85505447808806e-06,1.11757730259139e-05,2.93176293559933e-05,2.07865494329021e-05,1.64967804290837e-05,8.77315958423086e-07,2.17838701203294e-06,1.93902870360571e-05,8.62263792946954e-07,7.39147387380269e-07,6.28903879406604e-06,2.24374120558343e-07,5.41343645724062e-06,7.6349106297866e-07,9.40485510533426e-08,3.22052220373952e-08,9.42495305996261e-09,2.65136195677754e-08,7.17830455248453e-07,5.66386076151926e-07,2.62125033871128e-07,1.18921488432891e-07,1.81594357135155e-07,2.01402990184614e-07,2.40893123239867e-07,1.18726546400323e-07,2.71603297124282e-07,1.1173029785321e-08,1.20220090540541e-07,1.91874313246284e-08,5.17718864864598e-10,6.46724249125815e-09,1.71782463138898e-08,1.87547694569796e-08,1.18152039059935e-09,3.69283714473309e-09,3.35553974704014e-10,4.40908792493547e-09,1.03558169598315e-09,1.09659124059429e-10,2.66254560729727e-09,2.11541858199916e-09,5.19227390544739e-10,6.42040090358853e-09,1.43395196863479e-09,8.37207028477635e-09,1.05808045093443e-11,3.02450650847992e-10,2.05098139420828e-10,2.99930002663761e-09,3.60504091706064e-09,3.35725781201249e-11,4.51634107449797e-11,1.12674606664943e-10,8.04302246272729e-10,2.73858709646772e-10,1.39670104876759e-10,7.26084307312321e-11,4.51121026960715e-10,3.14774217714499e-11,7.12177639639459e-10,4.12312443314721e-10,5.53188572558791e-10,1.10912976899826e-10,4.4716555620329e-11,5.88795117682826e-11,1.51033488315653e-11,6.40890095033376e-11,1.28631621180343e-10,2.02389203003605e-10,4.50343906869662e-12,7.62092396087112e-11,8.23683325385482e-11,9.51078364247348e-11,1.59680022418064e-11,3.89950117244874e-11,2.72158950927043e-11,5.57677353000986e-12,1.27241179076175e-11,2.26603090865649e-11,1.68829209430801e-12,1.12061138116925e-10,3.65866335604102e-11,3.5937409858629e-13
0.3687048269004,0.298750621704436,0.169892316218242,0.100178288189844,0.0221299037458798,0.0355569210796908,6.6975496601738e-05,0.00311313489413824,0.000996290924857451,0.000298092741991252,2.14077043779e-05,1.7823172392217e-05,1.90257110754419e-05,2.01833447353182e-05,4.300186594042e-06,2.59764074819514e-05,1.41571380220374e-05,2.62918650249454e-06,4.50978173288621e-06,2.76360735378192e-05,3.62695536482956e-05,3.10073109674509e-05,2.06207616131286e-06,3.31066626936791e-06,2.59284896127529e-05,1.3441764405919e-06,2.20684778457911e-07,6.57981762161169e-06,2.31102157785654e-07,2.65620978889394e-05,1.09255400158073e-06,9.95032144501019e-08,5.49000568982544e-07,5.61500987504464e-07,3.54150631244181e-07,4.11619024714699e-07,3.81887640581309e-06,6.24461428391693e-08,1.01745167731069e-06,5.10967917228574e-07,6.17182346697148e-07,2.01352122208647e-06,1.83441872747391e-06,2.58372882582321e-06,1.62534204841952e-07,1.58645017032966e-06,8.1712883301055e-07,1.64709436260822e-08,1.49593768668773e-07,2.7221286958599e-07,3.45845370355135e-07,1.54375749915221e-08,1.50892025176634e-07,1.14230046284745e-08,7.91543858352192e-08,2.39597234687546e-08,5.79413216046911e-08,7.60695394525191e-08,4.58293022621312e-08,2.42915651489384e-08,6.20677193736683e-09,2.45413022154411e-07,2.12726423157366e-08,6.07013049258041e-10,9.69725996087336e-08,3.71814496609992e-08,2.85398719374288e-08,5.68917845565738e-07,3.58755784042379e-10,3.51420668675989e-08,2.37431419536133e-08,1.35511724374277e-07,6.66014478084499e-08,2.31157472413512e-08,1.28438398215041e-08,8.06505192226284e-08,1.82779343980902e-08,2.52872795568253e-08,6.58536187531467e-08,2.01775542241153e-07,2.72052273585371e-09,3.60589114007926e-08,3.42471924948105e-08,3.47178749845697e-08,7.04201047498678e-08,1.51788708576394e-09,4.82564369527446e-08,4.40380948466669e-10,5.82265016659531e-09,2.25206004175592e-09,3.34235896713238e-09,1.12798571009585e-08,5.66384787690922e-09,3.66527607007272e-08,1.09581035978256e-08,2.29658092611177e-08,8.2084849048876e-09,3.09165756605938e-09,5.44575505275196e-09,5.42962481225531e-08,8.63388342832964e-09
0.367215467181817,0.299340452628582,0.167323089578858,0.101320512693601,0.0245164631811429,0.0354975291359132,0.000283615977741162,0.00307519959423659,0.000911098943152474,0.000295287732899385,1.18157963621953e-05,9.15927834815828e-06,4.30011337848757e-06,1.03864301301662e-05,1.68235741407914e-06,2.17636619212839e-06,5.06861614645559e-06,1.33083747870504e-06,8.5100377301805e-07,8.70769680591248e-06,3.41803088940022e-05,7.38176539283553e-06,2.11851263080294e-06,1.62749736347188e-06,2.67218511538634e-07,1.23261012075157e-06,1.22374973048319e-06,2.41687583221868e-07,6.78115867174943e-07,3.95826514100762e-05,1.20685246791805e-07,4.73783082157361e-07,1.20789884443857e-06,1.39452443492108e-06,1.98920802708649e-06,1.66818179394598e-06,1.49389583967456e-06,5.52365161111318e-08,4.64574787874582e-06,1.88687233692146e-07,1.7667425395299e-06,3.53282110016768e-06,1.08375220766729e-05,6.86363648189242e-06,1.3092655068274e-06,1.0838407055833e-05,1.54355661372586e-06,2.04247838275209e-07,7.6136661616244e-07,1.1129565384097e-06,2.8156594568643e-06,5.29444881330387e-07,5.09847517017708e-07,1.69538322040325e-07,4.24301179137418e-07,9.1267611660822e-07,6.81737133428988e-08,6.52614956807183e-07,7.0616935498013e-07,3.23567654292469e-07,4.76842980122009e-07,1.73867809067757e-06,6.35707356908136e-08,1.4660832669824e-07,1.55295135441155e-07,4.71402673874605e-07,5.83908435476005e-07,3.49895601357538e-06,1.5832617561667e-08,6.85034426404815e-07,2.0008751026626e-07,1.34006535366489e-06,1.51947666593843e-07,1.6725568332798e-08,2.20159120948627e-07,7.02093898142229e-07,4.71352118745901e-08,1.34800736205361e-07,5.88352553034699e-07,1.92760757817304e-07,2.97262582929513e-07,7.00180113439987e-07,3.76880242969109e-07,2.56438154709681e-07,9.41632183022096e-08,7.69342999317536e-08,5.08182490110317e-07,2.16485779413619e-07,1.17154673744961e-07,2.47913554965477e-07,2.49179721401446e-07,3.21290691323309e-07,5.59086117099951e-07,5.36726260435451e-07,2.87077619943156e-07,6.59615121869116e-07,3.49283634574455e-07,4.90084348184584e-08,6.71984705476268e-08,5.48284612063388e-07,2.01770497997974e-07
0.367348281492059,0.30048676343121,0.167906292623489,0.0999757653651415,0.0242312831363895,0.0346667415304849,0.000303887062168005,0.00340362018833232,0.00106181196298181,0.000361760654474313,4.89835593281046e-06,6.82152255798429e-06,6.9373893859532e-07,1.2851225945484e-05,6.17635546956976e-06,1.04210453517154e-05,5.55271804543741e-06,2.76302251333559e-06,4.33806116060241e-06,1.00382115403216e-05,4.13061903903842e-05,1.39926563435189e-06,2.08392493028661e-06,1.33798741535267e-06,1.38090651145668e-07,3.4401437039949e-06,3.91900855065059e-07,3.27729053299662e-07,8.7899388481084e-07,3.57220912049732e-05,3.97818797531325e-07,3.16820760328504e-07,8.1793460490177e-06,6.73352656970385e-06,8.50134221904691e-07,5.77990695545561e-07,1.5346361464268e-06,2.01641446819734e-06,9.20693366810791e-07,2.15559331897269e-07,1.74744088665662e-06,4.58455993383871e-07,1.15335406929681e-05,3.09573231146297e-06,8.81866226464084e-07,1.73650804817352e-05,7.14287302642115e-07,1.21198305891164e-07,1.3283858399595e-07,3.94385146519846e-07,1.31033986245088e-06,1.18664870128654e-06,4.02325845229394e-08,1.57398171358055e-07,1.4897545370553e-06,2.24727100652224e-06,6.54999851409602e-07,1.42760571513601e-06,9.4374146744007e-07,7.00268927353405e-07,1.11979524440196e-06,3.13668154447516e-06,5.55703540788127e-08,1.459574701353e-06,1.54860819724294e-08,1.34860731973752e-06,1.39632867643844e-06,5.28091805753868e-06,5.40729423037929e-07,3.91351870978349e-07,1.27361799755716e-07,2.95932017384631e-06,2.69113275766504e-07,9.63996715533721e-08,4.26614296859183e-07,1.03350113712462e-07,8.1508532907586e-07,8.20138543391125e-08,1.36670105304417e-06,2.51191635154953e-08,6.02930221912898e-07,1.9756821129585e-06,1.01335210506771e-06,2.43621697965722e-08,6.75031549259173e-07,3.48122056624564e-07,1.93182568068457e-06,5.72964577600992e-07,8.20974331675619e-07,1.04632098528959e-07,5.73709009292061e-07,2.93342541786424e-07,6.66106274362487e-07,9.09185872008872e-07,6.03190688262387e-07,4.28525885207531e-07,1.80650861005695e-07,6.80180081579046e-09,7.2419936903396e-07,2.48681699479618e-08,3.69371545581963e-07
0.368485701499632,0.299831007401692,0.168266250579822,0.099197749108748,0.0283406100702394,0.0308714652090882,0.000416606366764777,0.00317053379888272,0.00090420804037733,0.000288929369880574,4.81988364564437e-06,1.65132713928307e-06,1.39347326894446e-06,1.4525798327701e-05,5.32678664052195e-06,3.5234377161407e-06,4.2075158610641e-06,1.07495746291092e-06,2.25899919054803e-06,1.5632731031783e-06,2.87691526269728e-05,3.42161769627599e-06,2.23446982499333e-06,2.17686168348268e-06,4.32056673357318e-07,2.37165601291655e-06,5.3054426454668e-07,7.48700525185533e-07,1.68211938707831e-06,2.27012316951821e-05,4.27002553298623e-07,9.92809621463051e-07,7.96202018181553e-06,1.50970625956317e-07,3.5068601378948e-07,8.42344889158771e-07,1.13698732686101e-06,1.02481530482745e-06,3.00814989989504e-07,9.30254750099249e-07,3.7752900517934e-06,1.00285767406212e-06,1.67605058052089e-05,5.06416020888015e-06,9.90811880724495e-09,6.04847768081507e-06,1.41618058409601e-06,2.29467395353492e-07,4.79452061400915e-07,1.98901591786262e-07,2.99745194213235e-06,2.31366305753376e-06,4.37408394415871e-07,1.29226074755126e-06,2.45495882061404e-06,3.06774443816896e-06,2.8960426075122e-06,3.75716722523489e-06,1.68902742155029e-06,1.41835084746819e-07,6.86808876202471e-07,4.5091882297735e-06,3.77074524449513e-07,6.99220966296341e-06,4.021531351625e-07,6.69057669217712e-08,5.82800684345589e-08,4.22927191214455e-06,6.39613499781812e-07,2.56882884822773e-06,2.85485315243799e-07,4.18598294188942e-06,2.91242369563325e-07,1.01376084450974e-06,5.75279172239698e-07,6.74243289405604e-08,3.24114690478711e-07,5.7261131298551e-07,3.83342413670045e-07,9.38368300440656e-08,9.38380168516305e-07,3.72981456021739e-06,2.8657279625283e-07,1.89117397496919e-08,7.92356426458392e-08,2.10954003563528e-06,6.1654981995042e-07,1.20791708257736e-06,9.78624211057583e-07,5.44425485399369e-07,9.04114643260976e-07,1.10238110454498e-06,4.12409558686305e-07,2.39793401308677e-06,2.90924977911458e-06,8.73128777668488e-07,5.91329664998657e-07,3.71501497323039e-07,8.9152538450098e-07,1.65142099514583e-06,4.34843254494486e-07
0.367697405780733,0.300268311446393,0.167429832423568,0.0984168641150685,0.0282129871127266,0.0324198386217693,0.000549659723902108,0.00351120231548231,0.00101552374674834,0.000259943290947116,3.51801579995012e-06,7.73055117012942e-07,7.3071775887581e-06,9.94334001450013e-06,2.35615082380354e-06,4.01506913164942e-06,1.40120968917733e-06,6.10981049336661e-07,1.99450788276246e-06,1.52244007826098e-07,2.43943209720004e-05,4.01664532271295e-06,6.97909583778173e-07,3.59986382587463e-08,7.13279184554209e-07,5.24131060828912e-06,4.39322476181481e-07,1.73104039838382e-06,3.05658297267312e-07,5.08176699078375e-06,2.56460754156e-07,8.48934821259426e-07,8.90046825425177e-06,9.0950976039127e-07,7.50566326736929e-07,1.48914625212265e-07,5.31482414155863e-06,1.12767423638694e-06,8.48143512413622e-08,6.93340663110272e-07,1.07370377395576e-06,5.01704403219057e-06,1.44137326804332e-05,7.64594318277828e-07,4.90146449059827e-07,1.7745065898537e-06,1.7648268201538e-06,9.48946647537835e-08,8.12324519967045e-07,3.35867374263977e-06,1.48211466208152e-06,8.24146927751179e-06,4.39674337273141e-07,2.4963409442914e-06,8.14381922316633e-07,2.9223469007638e-08,3.19895632233245e-06,3.96907922085581e-06,1.87840254866378e-06,1.25397419833201e-07,1.43542027231733e-06,9.25569584980624e-06,1.9431707790218e-07,8.00891966718426e-06,7.20209007363331e-07,2.81505556104396e-07,7.37159476498041e-07,3.22042020756123e-06,5.98114294087577e-07,2.44424163778183e-06,9.04078110097011e-07,5.83628929023191e-06,2.82572711664258e-08,2.92640775091026e-06,4.51024256547032e-07,2.27392074059862e-06,6.95376818750828e-07,2.4395741089792e-06,7.14219771715241e-07,1.04842570805619e-06,5.40788992438345e-07,3.25839823020374e-06,8.04295527478072e-07,2.14862132896424e-06,3.08487116346494e-06,2.47457848904777e-06,8.24153010653111e-07,1.08678280420481e-06,3.24493238841349e-08,9.4557722214682e-07,7.72186567097315e-07,1.61962650047602e-06,1.97511025719986e-07,2.20375142923731e-06,1.41276535230994e-07,9.15244549062559e-07,2.8364344786022e-06,1.0827643918639e-06,1.95072907511682e-06,5.1134582787354e-07,7.82460088487814e-07
0.366189395623577,0.301343685360983,0.167965007143656,0.0972922871527499,0.0297275185751852,0.0315247889166304,0.00101798014831126,0.00334694797851933,0.00101059552943884,0.000273489846171327,2.50516048713172e-05,1.31009431732197e-05,1.34955559528372e-06,2.72936518025377e-05,3.22940043369658e-07,8.02982946264672e-06,3.6208621867014e-07,1.23478723571022e-06,9.009579651114e-07,1.42256176825245e-06,7.3676427248977e-06,6.71309461459872e-06,2.63137090663179e-06,3.95507657737306e-07,6.32755340620304e-06,4.19089105017511e-06,1.08306660706168e-06,2.84152698924247e-06,1.38380822283106e-06,2.86367573559086e-07,3.50338232479811e-06,4.58621614512379e-06,8.00443575194986e-06,1.23945905918418e-07,2.2238826141193e-06,4.70810194114634e-06,4.77872340521545e-06,2.71230430888294e-06,1.43271732292017e-06,4.4117089419368e-06,9.05583192157828e-07,6.03939008259324e-06,1.02404563388676e-05,1.62842290438192e-06,1.04338033917036e-06,8.84207846900649e-06,5.6519296502627e-07,1.76283667678808e-06,2.63232184667096e-06,3.57669505537455e-06,1.42880274732752e-06,1.94607310894447e-07,3.02081395690448e-07,2.66109130768572e-06,9.37025815693667e-07,7.04837601811127e-08,2.46629088508188e-06,5.82227767691987e-06,1.32184843971052e-06,6.8576281102341e-07,1.6286330539975e-06,4.42197062461645e-07,6.30238798216954e-06,7.40991941819543e-06,6.00035746069157e-07,4.42095642246942e-07,3.84310367066488e-06,8.32107057085344e-06,1.03523830126392e-05,1.22758352519226e-06,2.44385312427818e-06,8.05705372924987e-06,8.10320662099778e-07,4.73044002400986e-06,3.9741282645895e-09,3.11086618128383e-06,1.68578773283922e-06,2.45534442418862e-06,2.95028229337689e-06,5.22443012900939e-07,4.02832183148848e-07,4.52421229794177e-06,8.52225333950324e-07,3.36531574894186e-06,3.92124311088933e-06,5.20924032928109e-06,9.96688988510426e-07,2.22610082080562e-06,4.04261089885311e-07,1.17418073262466e-06,1.10017819455686e-06,2.28614929398188e-06,1.57699137301015e-06,4.48940488088125e-07,4.86172664198477e-07,1.49289488917003e-06,2.74824955081448e-06,1.21133649663722e-06,2.12941465477334e-06,1.37210638855251e-06,1.13341857865954e-06
0.366263811548455,0.303230762195958,0.164065976383224,0.0976306862215787,0.032151590508142,0.0306992829066841,0.000866160645388616,0.00339780742525589,0.00115814225699464,0.000253436906279733,1.85260883018253e-06,4.08574138403743e-05,2.6199026583627e-06,2.24241694110643e-05,4.24004998333893e-06,9.27415859584708e-06,1.80237189210603e-06,1.57355598347489e-06,1.25904904562216e-06,9.16152601592865e-07,2.35517475160628e-06,1.26909887926319e-05,3.96351676526091e-06,2.74516082372466e-06,5.24559710481771e-07,8.94625712968285e-07,2.40341080371737e-06,2.20180295378064e-06,6.4891968111009e-07,4.66175777224417e-06,2.87615236207297e-07,2.96778004347757e-06,3.80064390269422e-06,2.14988876225212e-06,2.22337278717481e-06,1.10924173878299e-06,7.17868282765151e-06,3.18830886384336e-06,2.87506934376427e-06,5.15830194201909e-06,1.43823497232392e-06,6.27552417890655e-06,7.99869313446928e-06,2.02953963505861e-06,4.79979982481457e-07,4.81361740615468e-06,3.09463573476721e-06,1.58267213073087e-06,3.89087670726042e-07,1.59680565376546e-06,1.00449103363199e-06,1.33854617254962e-06,9.79780902597116e-07,5.18271534361065e-06,2.28849750799207e-06,1.75076953667394e-07,1.95840628796932e-06,2.58863016784628e-06,1.85450561384095e-06,2.40242703225779e-06,1.86557673497375e-07,2.54356445744934e-06,3.24248852122009e-06,1.48738254691201e-06,8.05282600847292e-07,7.19997334073017e-07,3.97220090497098e-06,8.32966269879685e-06,1.54226275062003e-06,2.05680930419579e-06,2.34155594003338e-07,7.0330955199866e-06,2.04078103114951e-06,5.12856303414242e-06,1.5831225151922e-07,4.03356393275804e-06,7.21526919466827e-07,2.0516189391766e-06,2.10701437519351e-06,3.11070903794621e-07,1.92378047077021e-06,4.00969187687769e-06,2.6583436251163e-06,7.73329465612689e-07,2.5391825250822e-06,3.22709694717802e-06,8.6675145057064e-07,3.95877370885769e-06,1.50333484501751e-07,2.25880466016714e-06,1.90932597124044e-07,1.64156465449513e-06,1.37245897307233e-06,4.59587584994632e-07,1.47934458434246e-06,1.53073709032768e-06,2.29992241656448e-06,5.19994457518553e-07,3.14591706809322e-07,2.21242495952294e-07,9.20502397836348e-07
0.364748600671599,0.306313034071972,0.163783957748412,0.098041893789714,0.0303228843951378,0.0308120096220698,0.00130680948926062,0.00342046448052318,0.000870306924046444,0.000133512868072764,1.52261304318908e-06,2.43142216557208e-05,3.21332872436229e-06,1.47875529632822e-05,2.00582182290674e-06,5.51331155751759e-06,1.19537344822275e-06,2.26084356685718e-06,4.64709111906203e-07,9.9513237376741e-07,3.98202557325692e-06,1.74120944066439e-06,5.29352285657503e-06,1.74313351499224e-06,1.54857723614062e-06,3.70590923194735e-07,3.17145104754589e-06,5.29931990010701e-06,3.69826268311236e-06,3.46745965081961e-06,1.21435673347191e-06,9.87478366718819e-07,3.03536658689299e-07,2.00523900621078e-06,1.91481463804041e-06,7.38113918342386e-06,1.79473442198622e-06,3.51323135064576e-06,1.40777064107253e-06,4.95060825339073e-06,7.23734339332938e-07,4.08647702930519e-07,1.6558251109136e-06,2.28429996267746e-06,1.30655240701614e-06,4.9795816068317e-06,6.01332212252363e-07,1.48280679221137e-07,3.39219648094775e-07,7.1843263844187e-07,8.29623072765486e-06,1.48012217032069e-07,1.38390749775473e-06,6.16292097338323e-06,1.00247730295521e-06,2.56814643621289e-06,1.0150634586512e-06,4.30618412311544e-06,2.73204855689624e-06,2.10293580399597e-06,4.06572537692778e-06,8.55196958462567e-07,3.6194810611615e-06,1.14996201308891e-06,4.80239800954862e-07,7.60680552724495e-07,7.15995579804768e-07,8.18243184386482e-06,6.05123621774321e-06,1.20776968478074e-06,1.33232523120611e-07,1.40130359906639e-06,2.3395354780236e-06,2.04632409940144e-06,1.03163359094471e-06,3.44192678320609e-06,8.78394651702703e-07,3.44690420546807e-06,3.93429932299499e-06,1.09302681184872e-06,3.13991039334412e-06,1.88476577078712e-06,7.76404452914909e-07,1.10374569650679e-06,3.02796535019877e-06,5.23321974617931e-06,1.20293101650085e-06,3.48166260597608e-06,4.05735067339427e-07,5.933224542253e-07,3.86273557128563e-07,4.42323982589351e-06,2.90290676778717e-06,2.30928191479929e-06,4.89284314110355e-06,1.6950993585735e-06,3.22452703026618e-06,1.64081833646309e-06,2.15130911225975e-06,2.22065084864132e-07,4.74086008183993e-08
0.364919459317254,0.305534962547818,0.165009177526126,0.0973322308057428,0.0303048433003257,0.0303377844848302,0.00107375351022536,0.00409890010779143,0.00105494549004249,0.000113666123824927,3.76774329117203e-06,4.12238771808767e-06,1.13221967021073e-06,1.14509134185115e-05,2.21517104339865e-06,5.51011552336416e-06,2.08122407849397e-06,1.58423865288263e-06,4.85260801660483e-07,1.85651039268291e-06,1.18103232164165e-06,6.29809827290064e-06,4.99650866022325e-06,1.45682553233722e-06,2.91144564947226e-06,2.7632121802041e-06,1.01971528939163e-06,1.02939039563517e-05,4.82386723917892e-06,5.55230004127586e-07,1.94942180704211e-07,5.78253206939903e-07,4.02609754567208e-07,6.83829884950092e-07,2.28481603345308e-07,4.5468089730805e-06,3.25005510857853e-06,1.53326588228407e-06,1.99604707738605e-06,5.04154745820395e-06,2.35216958703184e-07,1.18059064549708e-06,1.373522222839e-06,2.23979926613509e-06,2.50245970030002e-07,2.57451388304741e-06,2.56734429405446e-08,1.83012138371532e-06,7.57659172409882e-07,1.72657019757677e-06,8.17583886992084e-06,4.28255183509453e-07,1.88492166124361e-06,2.08497082440687e-06,4.40237259951787e-07,1.58149409619263e-07,1.59251001678673e-06,8.8880222893348e-06,1.59810670909551e-06,3.28703021856061e-07,1.98645636494943e-06,2.59356287049268e-06,4.78262181334871e-07,1.48726654869989e-06,2.96436777521754e-07,3.27425174266388e-06,4.31223494173908e-07,1.47100053506669e-06,3.54126623752691e-06,5.36000683549995e-07,9.11437429697495e-07,2.31148859044854e-06,7.4834603583387e-06,1.4653800096558e-06,1.16847293132159e-06,2.33376697358743e-07,1.23588800830756e-06,1.02057514063926e-05,3.05746004759832e-06,1.47947494987072e-06,1.60880861840709e-06,3.35604441713191e-06,9.28660933183872e-07,1.23580703275233e-07,7.57255591700041e-07,5.82605473789326e-06,3.07685892656366e-07,2.5743432760182e-06,4.01038811008335e-07,5.19299853823251e-07,1.61650141616154e-06,4.29393517597993e-07,1.08374464283923e-05,1.98062309150074e-06,8.72535837838569e-07,3.835540653698e-06,1.31304400815115e-06,3.71246746122259e-06,3.02925025866587e-06,2.29372412767973e-06,1.57047530294007e-06
0.594416412087845,0.110808344700224,0.138990663764999,0.0883099963172275,0.0456682470851144,0.0133956772654704,0.00549953681985719,0.000694583544937841,2.19235168239705e-06,0.00055911671154109,0.000490914094249426,0.000841630019847299,0.000214011033374873,5.95262868572623e-05,9.58901979834341e-06,1.05863998498801e-06,5.33994210351168e-06,1.46185816108762e-05,2.07163548863287e-06,1.07697567382249e-06,7.51804646373286e-06,1.99979102556486e-07,6.15148018286507e-07,3.10682614576382e-08,1.48215692371452e-07,1.99531216224028e-07,1.21982798873379e-06,7.7067352915153e-07,2.81974760193028e-06,1.0881555464334e-06,1.42260475502332e-07,1.08468853227709e-07,2.23063047685244e-07,2.41037005485826e-07,1.0122899070322e-09,2.86273690199691e-08,1.18099162532172e-08,1.32538804352661e-08,2.50183281734765e-09,2.51579278613112e-09,1.65101603318863e-10,5.18638055716274e-09,1.73986539782636e-09,8.75355644696664e-13,3.66988818777362e-10,1.17943115985279e-10,2.53070461397255e-11,1.93492803546247e-10,2.502997621656e-10,1.45194894340624e-11,1.19898368897306e-11,6.05075221002263e-11,6.1995852237382e-12,2.35334368789632e-11,3.52918432096981e-13,7.79414457620465e-12,2.42078217188041e-13,1.36560527261022e-13,6.91194839395083e-13,3.74682991334486e-12,3.76148464964234e-13,1.89755890121048e-13,3.80980019262707e-13,1.45292271358793e-13,5.91828716424398e-13,3.35317143615236e-13,5.02180818375663e-14,4.02474931485256e-14,6.74209058506344e-14,6.08297435379239e-15,2.06541377033729e-15,5.59751187487248e-15,2.67051148787955e-14,2.29301179131593e-14,7.36172681694633e-15,1.09622616091388e-15,1.11256703915246e-15,4.88728690890903e-15,3.57381278322555e-15,1.60417195094699e-16,2.01819477162008e-16,4.80925186400598e-17,1.20573849092162e-16,1.52724408485508e-16,7.6032149667956e-17,3.78127774496806e-18,7.97530664407305e-18,5.13809215152903e-17,3.36739571535126e-17,6.82657812392973e-18,7.73432645976747e-19,3.67583887059371e-18,8.38571543219104e-20,2.40468716488614e-20,2.40020437800909e-20,9.63003849668661e-20,7.23183297203579e-20,4.27532926496515e-20,2.37177144292302e-20,3.56488740701882e-21,1.00173884804764e-20
0.210990282603675,0.291468954186992,0.257674486351021,0.149899370644142,0.0597400621626059,0.0185336520311612,0.00814133740459592,0.00155178768093916,3.389465835315e-05,0.00162608278112444,0.000156157382568125,0.000109052805602106,1.42513901636396e-05,1.46513672570284e-05,6.81129176338648e-06,4.01236245888653e-08,1.58688036120353e-06,1.46793861473454e-05,1.57202121376321e-06,5.48635392557426e-07,2.90932130736154e-06,8.60308949350432e-08,1.33474665646493e-06,8.87685487303873e-08,3.62559907813248e-07,2.56973198054278e-07,1.13377332906758e-06,1.51813747884034e-06,5.62852140235535e-06,6.50613629841371e-07,1.12522645764854e-06,7.0719362611666e-07,1.87413126671424e-06,1.57838886226798e-06,4.79740101885165e-09,6.24571150527326e-07,2.66466283842026e-07,5.40705502398733e-08,3.69740405577404e-08,1.26783633979686e-07,1.42601130446274e-08,1.89305090293274e-07,5.69582416265342e-08,1.82740204572797e-09,3.47136653148777e-08,6.30958948144394e-09,9.89880101912674e-11,5.07313106195381e-09,3.67264413062574e-08,7.97478866796207e-10,2.30826279345339e-09,1.23133808982063e-08,6.45601536172227e-11,5.35413245426801e-09,2.22384694156415e-10,9.96010427372454e-10,1.06049494579444e-11,1.61206130154458e-11,2.76136482924298e-10,1.22707418016646e-09,1.33802103540064e-10,1.16022533210932e-10,3.93331286658447e-11,5.37763532757916e-11,9.90981726787903e-11,2.0005689558142e-10,8.90480130818951e-11,5.92232769651368e-11,5.25790212867797e-11,3.35547419131335e-11,2.42740413440959e-11,4.8743493107859e-11,7.13195294669288e-11,2.94219728158895e-11,1.01121554013665e-10,2.2447269288278e-11,1.13302574828894e-11,5.04924107300527e-11,9.58426146847866e-12,1.05337591163649e-11,5.85218007266052e-12,2.86891176647549e-12,6.61767826284779e-12,1.30766422973991e-12,4.33494949751275e-12,2.51464772110335e-12,4.8876281539208e-12,1.76779675013842e-12,5.86054162857694e-12,4.24732304740661e-12,2.38928639185436e-13,5.50305251301915e-12,1.27744187694298e-13,3.74280479887831e-13,3.23053591572388e-14,5.05045474871047e-14,1.11365665996018e-13,1.44559080709668e-13,1.44905347903638e-13,8.90053273575047e-14,2.26469832249309e-14
0.296807865939718,0.420732294711504,0.157270726375832,0.0709875634838483,0.0283037340443056,0.0185184459371683,0.00527529343873066,0.000922426495095698,0.000223686087181795,0.000279948513124377,0.000354276346818661,0.000133756215850754,3.39965807901795e-05,3.63997113504564e-05,1.13626314681033e-05,1.0183497190878e-07,1.78053697154286e-06,3.68828147965857e-05,4.87997148259042e-06,1.38021265786014e-06,3.41642434058148e-06,7.52327219881406e-08,4.35954462417462e-06,2.09542808842746e-07,9.76506437306566e-07,9.91384551544628e-07,4.84911567130017e-06,5.69413467300988e-06,1.03175178214422e-05,8.94274096105095e-07,5.48950676246576e-06,2.31547560784531e-06,3.4843070209863e-06,7.62610130107648e-06,1.52988056152661e-07,2.92684691628518e-08,2.78319882118006e-06,9.15658562341932e-07,2.01826222930732e-07,3.43464530316509e-07,2.57280892281744e-09,1.49265376341111e-06,6.54560696364411e-07,8.31349988546676e-08,1.35854890960702e-06,3.00718346756826e-07,8.6000270417596e-08,3.50620684086443e-07,1.36154940361563e-06,6.250917741561e-08,2.65844472525249e-07,6.53424466370052e-07,1.9954495372209e-08,6.91573498199919e-07,3.48604961121544e-08,2.36766092104033e-08,1.65994310154745e-08,9.69257493666712e-10,4.22612731310016e-10,6.67467758671551e-08,4.19078573971745e-08,3.04744564303608e-08,1.60997465082659e-09,2.38766936715806e-08,2.41397718131581e-08,9.05475129284092e-08,4.40242811193819e-09,3.43215597026458e-08,6.84806119658298e-09,6.54191409276747e-08,3.4146754106183e-09,1.8851055298442e-08,2.01312587243356e-08,1.52101569510915e-08,1.28147752635526e-08,1.64453795922444e-10,9.64657101939428e-09,2.35150765754598e-08,1.23283637813065e-08,1.13203407690973e-08,9.29056666632406e-09,8.36103119386335e-09,1.51945476357081e-08,4.55576441361373e-09,8.39383864063714e-09,1.14614824305188e-08,1.81205395534546e-09,2.15522725755337e-09,7.96096670239644e-09,6.61880923470836e-09,9.09547118663916e-11,1.12602507859865e-08,9.40341529341044e-10,1.44758705846569e-09,6.978123417584e-10,4.6439064427862e-10,1.75153223326001e-09,1.55556014579974e-09,5.47884638228869e-10,5.82129907331968e-11,1.39058303588566e-10
0.317790251094531,0.407778007646589,0.105900220149133,0.0713659444835293,0.0556857848058004,0.0314738135270798,0.00719561832079422,0.00122202253907895,0.000673831179979827,0.000298107649413428,0.000176950752043553,0.000115632681549148,4.18632561892056e-05,5.27971611341998e-05,7.16376414776031e-06,3.45972747618218e-06,6.2581996129389e-08,5.22056693428384e-05,2.65310339879617e-06,1.55755955216413e-07,6.67068921647987e-06,1.78685215611827e-07,3.06507934053734e-06,6.39788759203264e-08,1.71903986459697e-06,1.67400564469297e-06,8.82809340431241e-06,1.14069050148724e-05,2.81561162202834e-05,2.76634098856345e-06,1.6876920915777e-05,1.65883723232821e-06,9.39201197974552e-06,2.7292944819887e-05,7.26078983308406e-07,1.00618699305128e-08,4.72194779539584e-07,4.73615703748808e-06,1.02598810651982e-07,6.19265012799775e-07,7.40483269872846e-07,1.14361071113732e-06,1.18882665122543e-06,3.80989530208597e-07,2.02934251492275e-06,1.90176365397952e-06,1.42414193888707e-06,1.56918626948352e-06,2.19744240182917e-06,8.02160543433827e-08,4.75942180685912e-07,5.76551972235368e-06,1.26807936466955e-06,1.38437418144437e-06,3.140616996272e-07,2.93938475690328e-08,2.27560847676281e-07,1.04460550391416e-06,2.51454356556889e-07,6.70919094080679e-08,2.42575891133604e-07,8.11598864902682e-08,2.40594304223505e-07,4.34985325920697e-07,1.74273788731791e-07,2.72456876456011e-06,2.64738401565128e-07,5.30031224227586e-07,1.21142728737853e-07,1.55966343631263e-06,3.2553577559552e-08,1.18753570006165e-06,6.19530117738362e-07,3.89485612983513e-07,3.25407919339776e-07,4.48396727055937e-08,1.20746160558641e-07,5.5143366516548e-08,4.93723629946442e-07,7.27193273038101e-08,1.57522824249705e-08,3.15281724528887e-07,4.32123182967282e-07,3.05106024069134e-07,1.86398904583286e-07,6.58276383554124e-07,6.05681448974011e-08,1.02508257669004e-07,4.55512675279665e-08,4.00249175683099e-08,1.45874295994447e-08,7.72676411446633e-08,2.09302592501284e-07,1.63722326965279e-07,8.78893241008890e-09,2.76361475807148e-07,2.2659158091019e-07,3.37577151088459e-07,9.41000346366559e-08,1.54531118231102e-07,1.14218791837129e-07
0.324265359946143,0.375454852245578,0.116812559154019,0.112115753386461,0.044175671919408,0.0212807196564625,0.00432336856296994,0.000231198739546677,0.000677850978969802,0.000230476131877856,0.000159491051456644,1.38626159453337e-05,4.31921770289963e-05,7.85665119126145e-06,1.64622301825989e-05,3.99477172895822e-06,1.92142624596834e-07,2.21556040627932e-05,3.07531253079601e-06,6.92528327031003e-07,1.42459194146638e-06,1.38232470261384e-06,3.71930203545555e-06,4.93202225602013e-08,4.36516002171361e-06,1.6108432753394e-06,4.32561886331995e-08,1.30831770620823e-06,2.10754935361982e-05,1.58709027286393e-06,2.24257528613568e-05,1.33389088972774e-07,1.06129442333205e-05,1.94841356220387e-05,6.4595152060707e-07,5.75334534170234e-08,4.66338792276224e-08,3.36358580750573e-08,4.56649058464425e-07,2.06182516020686e-07,2.18121173294857e-06,6.62156226518372e-07,1.02199066037719e-06,2.84068458177023e-07,3.75193272399344e-06,3.15501777846973e-06,9.11495740493996e-07,2.65929357751978e-06,4.52425127129946e-06,6.02189105027827e-07,1.78399018662722e-06,4.84383530953183e-06,1.37137173218904e-06,3.38699255534291e-06,1.93259896902621e-06,1.59323111667094e-07,3.88645654610616e-07,4.66758500884515e-07,5.98918869037178e-07,5.984406939156e-07,5.68994218988738e-07,1.14586156886304e-07,5.58761718983645e-07,7.69776088745925e-07,7.32434483978167e-08,4.71024616647646e-06,1.29441334311997e-06,1.87572649382404e-06,3.80617834619798e-07,4.34616731327346e-06,1.07653682285502e-07,3.78526593085718e-06,1.55738990974979e-08,8.2247231205914e-08,7.56156211482329e-07,5.39906595731735e-08,3.30918873263966e-07,6.63516722824644e-07,1.49693061886822e-06,1.56885887538474e-07,5.20081576158013e-07,2.14839838369695e-07,5.69237326107093e-07,3.13098411360297e-07,4.99915028357681e-07,5.30099148545762e-07,1.03255467261009e-06,2.4105380554914e-07,2.50708362648927e-07,4.89582162235513e-07,6.72904783896955e-07,1.41209579297738e-07,9.9143330489962e-07,1.1717208634079e-06,7.56737177611152e-07,1.03723318891339e-07,1.96408282564138e-06,1.20330897314333e-06,2.95429706832771e-07,4.34590792058853e-07,7.23218474734397e-07
0.36592529541093,0.345581421884327,0.114936557414024,0.103403858295416,0.0428216436294779,0.0189314535552018,0.00514002931689878,0.000137862095865764,0.00220301401196575,0.000361400728241336,0.000137489743928386,2.98096832695382e-05,4.41187695189961e-05,1.0427691548774e-05,2.19171222721747e-05,8.10271825147561e-06,7.95891237982643e-06,2.99256221810937e-05,4.45325024236111e-06,1.57205744353261e-08,1.27369450617281e-06,1.95738082225988e-06,4.38432287069568e-06,2.0387590382982e-06,2.36991520670275e-06,3.14578623555158e-06,3.00726007430298e-07,2.36521306114466e-06,1.16648569021871e-05,1.42677249177359e-05,7.13313940524578e-06,1.53312599730122e-06,2.1486822997195e-05,3.17668330715815e-05,2.00673952512602e-06,1.44108509765527e-07,8.9727898238305e-07,3.0842585797908e-07,2.80467830215754e-07,6.68212088940729e-07,3.46929580637421e-06,3.05107133120945e-06,1.87849080905183e-06,7.44807040799441e-07,5.10787711240829e-06,4.51931139120451e-06,8.06674775861734e-07,2.84011088144124e-06,4.02894528870607e-06,5.75170420361619e-06,4.82424177693991e-06,1.28138641301198e-05,6.12295498270071e-07,2.32540742706466e-07,1.80405213134279e-06,1.25071035888399e-06,4.04041711925038e-07,1.3013700741843e-06,1.38901814076254e-07,3.4354277929841e-07,6.62100753136549e-07,5.16647261983582e-07,1.14103956855182e-06,8.54144351519547e-06,1.50674404607631e-08,1.17121934978032e-05,2.16419009047385e-06,1.47686534662518e-06,3.98957363599073e-07,9.19545201806946e-06,1.12055017436576e-06,7.08424839604146e-06,2.86885744730469e-07,9.47683592211079e-07,1.90295956771372e-06,8.39347821316268e-07,6.23533782861561e-06,3.9152406737569e-06,4.75624068256601e-06,5.35174596977361e-07,1.34397312436228e-06,1.31283114868074e-06,1.40504371281419e-06,2.4490368266976e-07,3.0218133832256e-07,4.72604053236096e-06,1.70632523077236e-06,7.71522683967103e-08,3.9747522776409e-07,1.15233015813172e-06,1.86268930482471e-06,3.41092539396916e-07,3.81245725689795e-06,3.34871134190491e-06,6.62572582681824e-07,4.28777306402795e-08,1.48506433527609e-06,2.84882793416067e-06,2.06569568534581e-06,1.02432876830947e-06,3.71684015570723e-06
0.34367677044333,0.354451526459688,0.124593449465546,0.108455677924186,0.0400124965897485,0.0212903028550728,0.0045326636357236,0.000695529104682762,0.00164545546838284,0.000292460687482069,9.34499467658274e-05,7.49401666840299e-06,1.73391823060897e-05,6.77133429840807e-06,1.24360641897742e-05,5.97202260043905e-06,4.17738128611945e-06,8.03635694300739e-06,5.94784485935457e-07,2.16496625458477e-06,8.17112019176425e-07,2.84771154888162e-07,4.46036545969855e-06,1.99124759842872e-06,1.47656942708043e-06,4.48992430104582e-06,3.83504450257935e-06,5.98112380185995e-07,2.85583749092383e-06,5.47436223055867e-06,4.25750317074159e-07,9.8716780248865e-07,1.57863966452523e-05,1.6429471543304e-06,1.81477915698127e-06,7.03223110499558e-07,7.55751223959688e-07,3.83944266590938e-06,1.3575624654492e-07,1.74452264423315e-06,2.05824767912156e-06,4.70343916558574e-06,2.06688940113538e-06,2.79065738864775e-06,5.38251241164415e-06,5.20227454122427e-06,8.27799755709996e-07,2.84807754469825e-06,4.9609637057546e-06,1.79946299068102e-06,2.73656180914073e-06,6.43347685284554e-06,7.28262936168819e-07,2.47682769200598e-07,1.5402307323011e-07,3.13049002046628e-07,1.15759611553647e-06,6.32783425772595e-06,3.96470099076929e-07,2.94598545977402e-06,1.35732393434085e-09,2.98710301166701e-07,8.15593889608727e-07,2.04405662850362e-06,9.3480331988828e-07,3.24293097953574e-06,1.05151143087832e-06,8.93539785941731e-07,6.6362228682124e-07,8.915997078725e-06,5.28799271227644e-07,9.54996905824959e-06,3.19161486645485e-07,3.51872210292462e-07,1.0271724442624e-06,1.46046790266471e-06,3.20343804328043e-06,2.184191561277e-06,5.65045716451268e-06,1.41104532396114e-07,2.73367153596606e-06,1.31981766332932e-06,2.71888285921397e-06,2.26810820457299e-07,6.18721794687634e-07,6.34512618556902e-06,1.23025759824141e-06,8.28670753204617e-07,1.97837891560321e-06,2.49839159754625e-06,6.20874125735431e-06,4.52855367639285e-06,2.73785572717456e-06,1.13616570080959e-06,3.77527294349149e-07,9.0035950148733e-07,7.14278288210429e-07,8.39722434336187e-07,1.99514433908601e-06,2.84396006575863e-06,9.71165159460351e-07
0.359850571639896,0.33805802043792,0.129178591146701,0.106878937536481,0.0378657929656702,0.020658691330123,0.00453739913498846,0.000985959911591475,0.00155515868519153,0.000190249827214219,5.97558492543739e-05,7.30190823419156e-06,3.78748253699796e-06,1.17917375163741e-06,1.01833923946745e-05,4.34833688182903e-07,2.34245517823101e-06,4.64066568107764e-06,1.38801692611114e-06,5.16214179093596e-06,8.84120210545748e-07,1.86624659010535e-06,1.14277346522961e-06,6.65199286354261e-06,7.97579575338066e-07,2.64276512120407e-06,2.13019510523425e-06,9.00589381636308e-08,3.446437585383e-06,6.39296892308957e-06,4.99738039269356e-07,6.33576515537539e-07,2.24794341243448e-06,1.75131103493392e-06,2.49982424112637e-06,4.4643305310141e-07,9.81723455896227e-07,2.01690310722937e-06,3.71789072852438e-07,1.26469595092805e-06,1.14352757716465e-06,1.71617879434104e-06,4.3055477589785e-06,2.61266780644842e-06,4.91505364109279e-06,2.58213921683011e-06,8.84298713333145e-08,4.38887745022397e-06,1.59379405559348e-06,1.20597502241193e-06,1.68051226790003e-06,8.99442482716402e-07,4.34104067587055e-07,2.74975683243115e-09,3.16007812068502e-07,2.04600128425269e-07,1.09187251331916e-06,4.73680567025807e-06,1.78743715547715e-07,5.04028019383735e-07,7.2373914392361e-07,7.21749062586318e-08,2.30893106690352e-06,1.10548139068471e-06,3.02139865147308e-07,2.16432635874995e-06,2.28024887756304e-06,1.41662767054204e-07,5.82916888846351e-07,3.26636101107641e-07,1.88672739675961e-06,8.15792981142698e-06,2.70227812402537e-06,1.88374367729166e-07,6.88803684366279e-07,2.38705905580832e-06,2.02783304659583e-06,1.6130563912505e-06,7.43876602048234e-07,1.25548971474994e-07,1.64831328516005e-06,9.0855440215626e-07,8.80041962276296e-07,1.09684973326303e-07,2.22835696185863e-06,6.14046765055645e-06,6.44968526425249e-07,2.33935152491374e-06,1.96696337926471e-06,8.83278787000554e-07,1.47293834170859e-06,6.05254556654295e-07,1.94720721553705e-07,4.97101170308165e-07,4.98949564960773e-06,1.98360143566008e-07,8.7683852682427e-09,3.89751669426717e-06,6.93734792737324e-06,2.82710253222601e-06,1.18299850349781e-06
0.355269584290004,0.318559246307426,0.155551017494049,0.0963099756739645,0.0447824146176202,0.0186572921126395,0.00742163026180862,0.00156818300956413,0.00141290521821868,0.000196074386176861,5.7375104648126e-05,1.11976369176685e-05,8.11061693217467e-06,1.66007404096089e-06,4.66877492693214e-06,9.13129670607256e-07,5.46055552479176e-06,2.53871884402729e-06,1.32990065552895e-06,7.35751369932971e-06,2.00084871063084e-06,5.96599753595229e-07,5.19615119015701e-07,3.87572690796947e-06,2.12480279692539e-06,9.20779296813435e-06,3.18644546201062e-06,8.76383789153699e-07,1.61334176281525e-06,4.98147810764498e-06,5.94493507139829e-07,2.88468782803127e-07,3.06198627538421e-06,2.10995028904056e-06,4.15976957535059e-06,1.54625252408608e-06,1.79566624335483e-06,2.13736304486805e-06,2.39394796121065e-06,1.5805265056523e-07,1.30763540347442e-06,1.08580340095453e-06,2.82555635549536e-06,4.93028653339525e-06,5.55725185585245e-06,1.50014771003443e-06,1.70194532025008e-06,1.94594070614835e-06,3.74452817022566e-06,9.19917260986565e-07,1.33743900794364e-06,1.00745627873033e-06,5.35945528003096e-08,6.83899549969068e-07,9.70282590045146e-08,2.46342250127002e-06,4.6621730810257e-07,1.75500178937117e-06,2.54755958825409e-07,9.2583093691817e-06,8.0448705832944e-07,7.03060616768677e-07,2.12076053108933e-06,5.25235832603517e-06,1.28201340679031e-07,3.75063677393898e-07,1.47332266682512e-06,1.85794906367025e-06,1.67239608906811e-06,4.00210477647396e-06,2.01226116926534e-06,7.99253787733994e-06,1.40945148750075e-06,1.11514970554313e-06,3.28106157418933e-07,2.33200009265157e-06,5.89828854738175e-06,6.41508661518547e-07,2.01803888643828e-06,8.89605907144462e-08,1.51866429374437e-06,1.18750625841189e-06,3.18276554207173e-06,9.95603897161243e-08,1.30774291229107e-06,5.14471842985308e-07,4.95419421768878e-08,9.01022695375603e-06,1.29641823453145e-06,8.76641558572614e-07,3.05822372507906e-07,1.43094666238532e-07,2.14525062285701e-06,9.73397425576298e-07,5.3535796930618e-06,3.33713123440039e-06,1.80636473617786e-06,3.71569424632654e-07,2.85733211559524e-06,2.36006438163211e-07,2.14038316595949e-06
0.362935319197561,0.314310404471591,0.157012334306638,0.0921504321063886,0.0446827308860775,0.0181697902922533,0.00774387149661731,0.000991018493333462,0.00159015369690223,0.000214551893740423,8.41076850899929e-07,4.95149873813979e-06,6.85351772950546e-06,1.16942964145969e-05,9.85331139170759e-06,5.9864572426185e-07,1.81370526857574e-06,4.71122903380004e-07,1.43121759851265e-07,1.60837754047617e-05,1.37002861414984e-06,5.19419629614833e-07,1.55980561702389e-06,9.48104481586671e-07,3.49812986401077e-06,3.21630183633236e-06,1.77581227466679e-07,8.56092649227093e-07,7.51574984361043e-07,3.28337213390066e-06,1.47993512318978e-06,5.11584328885348e-07,3.17655088527477e-06,1.69994791128956e-06,2.74876053910071e-06,4.49607163649165e-07,2.01165836659945e-06,3.08709991436159e-06,3.11592337552995e-06,2.32947908359726e-06,9.77513954981362e-07,1.54252425272359e-06,3.92080658967233e-06,2.31663746141566e-06,2.40041470484291e-06,1.80753065379638e-06,5.9430209984137e-07,1.38396007684163e-06,2.08496297294808e-06,9.67074371044659e-07,1.47605010352448e-06,2.04225661234184e-06,4.20999671649769e-08,6.97368178576759e-07,4.06879676337388e-06,3.04787956659827e-06,1.42518593290584e-06,1.75363628960127e-06,3.35357212946625e-06,4.82313585260454e-06,1.28212320006648e-06,1.24312861637932e-06,3.56353044407657e-06,2.39261606064991e-06,4.48799119941545e-08,3.61535549668386e-08,5.56464463947358e-09,1.31464587707192e-06,1.18086742821805e-06,3.54024519597079e-06,6.4765434965365e-08,6.25193046134713e-06,1.58545149538533e-06,5.27560872874823e-06,7.75268130954746e-08,1.23971811658573e-06,5.60534241844962e-06,1.05988630136845e-06,7.14984892163877e-07,2.12292347144461e-06,3.63412581166758e-07,5.0504739833791e-07,9.38449239379367e-07,2.47528830364676e-07,7.90275124159647e-07,1.21921751022006e-06,2.72394373365701e-06,6.34079888137613e-06,1.30113854283698e-06,3.50175011279951e-06,7.70429031338829e-07,2.16625159345656e-06,3.45590960998944e-07,7.40614679477951e-07,2.92702336536984e-06,6.25134086651333e-07,7.87022624481711e-07,8.37152831127287e-07,3.28591595868007e-07,8.93737305401672e-09,2.50221728449796e-06
0.364121110786881,0.31256014592935,0.157206699292704,0.0955926371852188,0.0418240631926223,0.0180828331859923,0.00774584476054507,0.000954475992747268,0.00151676920422697,0.00015135814988977,1.0256274123537e-05,1.88835503753202e-07,8.15551962477148e-06,2.43876484975223e-05,4.88935755494117e-06,1.81311079179341e-06,3.76759740246847e-06,8.9195485178251e-07,1.10610257812764e-06,2.25094453466092e-05,2.14565139087044e-06,3.34117938664959e-06,4.77071369819251e-06,1.62309848978732e-06,1.89636309647623e-06,5.58952434394814e-07,3.81272820711647e-07,1.65170484314341e-06,6.36742936924026e-07,1.78768037985298e-06,1.78612295415714e-06,3.36398735787179e-07,4.12098633370272e-06,5.81326412716389e-07,8.12569758567217e-07,1.23418410555426e-06,9.82336369730387e-07,1.2566020595989e-06,2.09695779304599e-06,3.08289520526879e-06,2.62738904791005e-06,7.90806740700517e-06,4.52521076018003e-06,6.61792883342152e-06,3.15997778254222e-06,7.87196655105841e-07,2.2686216844486e-06,8.21526835539037e-07,2.98883800919982e-07,3.99491891970085e-06,3.39650821598676e-06,2.7953486398485e-06,7.17964955568455e-08,2.89746494653924e-06,5.29319855761622e-06,6.26292063339976e-06,1.37263746561793e-06,1.97588268394838e-07,4.91490895224015e-06,4.76865922194979e-06,1.04556441440701e-06,5.57719239062591e-07,3.11152702696076e-06,3.25553349768281e-06,1.076775231432e-06,6.04420522073455e-07,2.70430426824589e-07,6.75765456962567e-07,6.17940318945406e-06,2.76057377242103e-06,7.84706816701307e-07,3.84541133808845e-06,7.0092330996421e-07,9.97771413706386e-07,7.457331767302e-07,1.35110457396017e-06,2.79344414979146e-06,6.82652143332845e-07,7.09644905730118e-07,3.88208060520549e-06,4.18440408378584e-07,5.63123769922887e-08,1.50470840264286e-06,1.41579852914829e-07,1.39152082695648e-06,1.45705827027683e-06,1.48479903660844e-06,5.39575176919212e-06,1.37683027038628e-06,2.64131985185981e-06,1.20166161504172e-07,1.3629307390839e-07,1.47357789442344e-07,1.37308430401227e-06,6.43636207606582e-07,1.28497532861304e-06,4.60147936173203e-06,5.8916202518659e-07,3.95999710480758e-06,8.10321697629781e-08,1.19529141421133e-06
